prev	image	next
	1851-United-Evangelical-Church-WilliamSt-Brisbane.jpg	1859-Wharf-St.jpg
1851-United-Evangelical-Church-WilliamSt-Brisbane.jpg	1859-Wharf-St.jpg	1860-Ipswich.jpg
1859-Wharf-St.jpg	1860-Ipswich.jpg	1862-Bulimba.jpg
1860-Ipswich.jpg	1862-Bulimba.jpg	1862-Jireh-Valley-Brisbane.jpg
1862-Bulimba.jpg	1862-Jireh-Valley-Brisbane.jpg	1864-Rockhampton.jpg
1862-Jireh-Valley-Brisbane.jpg	1864-Rockhampton.jpg	1865-Fairfield-later-Annerley.jpg
1864-Rockhampton.jpg	1865-Fairfield-later-Annerley.jpg	1866-Edward-Street.jpg
1865-Fairfield-later-Annerley.jpg	1866-Edward-Street.jpg	1872-Enoggera.jpg
1866-Edward-Street.jpg	1872-Enoggera.jpg	1873-Lanefield.jpg
1872-Enoggera.jpg	1873-Lanefield.jpg	1874-Hendra-Clayfield.jpg
1873-Lanefield.jpg	1874-Hendra-Clayfield.jpg	1874-Vulture-St-South-Brisbane.jpg
1874-Hendra-Clayfield.jpg	1874-Vulture-St-South-Brisbane.jpg	1876-Fortestcue-St-later-Nundah.jpg
1874-Vulture-St-South-Brisbane.jpg	1876-Fortestcue-St-later-Nundah.jpg	1877-Ipswich.jpg
1876-Fortestcue-St-later-Nundah.jpg	1877-Ipswich.jpg	1878-Highfields.jpg
1877-Ipswich.jpg	1878-Highfields.jpg	1881-Toowong.jpg
1878-Highfields.jpg	1881-Toowong.jpg	1881-Toowoomba.jpg
1881-Toowong.jpg	1881-Toowoomba.jpg	1883-Albion.jpg
1881-Toowoomba.jpg	1883-Albion.jpg	1884-Rosalie.jpg
1883-Albion.jpg	1884-Rosalie.jpg	1885-Maryborough.jpg
1884-Rosalie.jpg	1885-Maryborough.jpg	1886-Bulimba.jpg
1885-Maryborough.jpg	1886-Bulimba.jpg	1887-Sandgate.jpg
1886-Bulimba.jpg	1887-Sandgate.jpg	1888-Dinmore52.jpg
1887-Sandgate.jpg	1888-Dinmore52.jpg	1888-Windsor-Rd.jpg
1888-Dinmore52.jpg	1888-Windsor-Rd.jpg	1889-Charters-Towers.jpg
1888-Windsor-Rd.jpg	1889-Charters-Towers.jpg	1889-Fairfield-later-Annerley.jpg
1889-Charters-Towers.jpg	1889-Fairfield-later-Annerley.jpg	1889-Nundah-formerly-FortescueSt.jpg
1889-Fairfield-later-Annerley.jpg	1889-Nundah-formerly-FortescueSt.jpg	1890-City-Tabernacle.jpg
1889-Nundah-formerly-FortescueSt.jpg	1890-City-Tabernacle.jpg	1890-Enoggera.jpg
1890-City-Tabernacle.jpg	1890-Enoggera.jpg	1891-Hendra-Clayfield.jpg
1890-Enoggera.jpg	1891-Hendra-Clayfield.jpg	1891-Taringa.jpg
1891-Hendra-Clayfield.jpg	1891-Taringa.jpg	1893-Townsville-1875.jpg
1891-Taringa.jpg	1893-Townsville-1875.jpg	1895-PetrieTerrace.jpg
1893-Townsville-1875.jpg	1895-PetrieTerrace.jpg	1897-Beaudesert.jpg
1895-PetrieTerrace.jpg	1897-Beaudesert.jpg	1899-Gympie-Apollonian-Vale.jpg
1897-Beaudesert.jpg	1899-Gympie-Apollonian-Vale.jpg	1900-Canungra.jpg
1899-Gympie-Apollonian-Vale.jpg	1900-Canungra.jpg	1902-Mount-Morgan.jpg
1900-Canungra.jpg	1902-Mount-Morgan.jpg	1902-Pinkenba.jpg
1902-Mount-Morgan.jpg	1902-Pinkenba.jpg	1902-Tent-Hill.jpg
1902-Pinkenba.jpg	1902-Tent-Hill.jpg	1905-West-Rockhampton.jpg
1902-Tent-Hill.jpg	1905-West-Rockhampton.jpg	1906-RedlandBay.jpg
1905-West-Rockhampton.jpg	1906-RedlandBay.jpg	1906-Rockhampton.jpg
1906-RedlandBay.jpg	1906-Rockhampton.jpg	1908-Highfields.jpg
1906-Rockhampton.jpg	1908-Highfields.jpg	1909-Charlwood-BC-.jpg
1908-Highfields.jpg	1909-Charlwood-BC-.jpg	1910-Coorparoo.jpg
1909-Charlwood-BC-.jpg	1910-Coorparoo.jpg	1911-Nerimbera-Rockhampton.jpg
1910-Coorparoo.jpg	1911-Nerimbera-Rockhampton.jpg	1912-Port-Curtis-Rd-Rockhampton.jpg
1911-Nerimbera-Rockhampton.jpg	1912-Port-Curtis-Rd-Rockhampton.jpg	1912-Silkstone.jpg
1912-Port-Curtis-Rd-Rockhampton.jpg	1912-Silkstone.jpg	1912-Warwick.jpg
1912-Silkstone.jpg	1912-Warwick.jpg	1912-Wondai.jpg
1912-Warwick.jpg	1912-Wondai.jpg	1912-Wynnum.jpg
1912-Wondai.jpg	1912-Wynnum.jpg	1913-Churchill.jpg
1912-Wynnum.jpg	1913-Churchill.jpg	1914-Lakes-Creek-Rockhampton.jpg
1913-Churchill.jpg	1914-Lakes-Creek-Rockhampton.jpg	1914-Maleny.jpg
1914-Lakes-Creek-Rockhampton.jpg	1914-Maleny.jpg	1916-Speedwell-laterProston.jpg
1914-Maleny.jpg	1916-Speedwell-laterProston.jpg	1918-Deagon-Mission-Church.jpg
1916-Speedwell-laterProston.jpg	1918-Deagon-Mission-Church.jpg	1919-Newmarket-Grange.jpg
1918-Deagon-Mission-Church.jpg	1919-Newmarket-Grange.jpg	1919-Torquay-HerveyBay.jpg
1919-Newmarket-Grange.jpg	1919-Torquay-HerveyBay.jpg	1920-Lindum.jpg
1919-Torquay-HerveyBay.jpg	1920-Lindum.jpg	1920-Yandina.jpg
1920-Lindum.jpg	1920-Yandina.jpg	1921-Murgon.jpg
1920-Yandina.jpg	1921-Murgon.jpg	1921-Nambour.jpg
1921-Murgon.jpg	1921-Nambour.jpg	1921-Wamuran.jpg
1921-Nambour.jpg	1921-Wamuran.jpg	1922-Granville-Maryborough.jpg
1921-Wamuran.jpg	1922-Granville-Maryborough.jpg	1922-Townsville-rebuilt-1955YrBk.jpg
1922-Granville-Maryborough.jpg	1922-Townsville-rebuilt-1955YrBk.jpg	1923-Nundah-Memorial.jpg
1922-Townsville-rebuilt-1955YrBk.jpg	1923-Nundah-Memorial.jpg	1924-Cloyna.jpg
1923-Nundah-Memorial.jpg	1924-Cloyna.jpg	1924-Woodford.jpg
1924-Cloyna.jpg	1924-Woodford.jpg	1925-Geebung.jpg
1924-Woodford.jpg	1925-Geebung.jpg	1925-Rosalie.jpg
1925-Geebung.jpg	1925-Rosalie.jpg	1925-Tugun.jpg
1925-Rosalie.jpg	1925-Tugun.jpg	1926-Gordon-Park.jpg
1925-Tugun.jpg	1926-Gordon-Park.jpg	1926-Wynnum-West-Mission.jpg
1926-Gordon-Park.jpg	1926-Wynnum-West-Mission.jpg	1927-Graceville.jpg
1926-Wynnum-West-Mission.jpg	1927-Graceville.jpg	1928-Holland-Park.jpg
1927-Graceville.jpg	1928-Holland-Park.jpg	1928-PalmBeach.jpg
1928-Holland-Park.jpg	1928-PalmBeach.jpg	1929-Silkstone.jpg
1928-PalmBeach.jpg	1929-Silkstone.jpg	1930-Banyo.jpg
1929-Silkstone.jpg	1930-Banyo.jpg	1930-Monto.jpg
1930-Banyo.jpg	1930-Monto.jpg	1930-Wynnum.jpg
1930-Monto.jpg	1930-Wynnum.jpg	1932-Bunyaville-older.jpg
1930-Wynnum.jpg	1932-Bunyaville-older.jpg	1932-Thangool.jpg
1932-Bunyaville-older.jpg	1932-Thangool.jpg	1932-Tinana-Marybrough.jpg
1932-Thangool.jpg	1932-Tinana-Marybrough.jpg	1932-Wood-Street-Rockhampton.jpg
1932-Tinana-Marybrough.jpg	1932-Wood-Street-Rockhampton.jpg	1933-Greenslopes.jpg
1932-Wood-Street-Rockhampton.jpg	1933-Greenslopes.jpg	1933-Selene.jpg
1933-Greenslopes.jpg	1933-Selene.jpg	1934-Durong.jpg
1933-Selene.jpg	1934-Durong.jpg	1935-Annerely-Fairfield-relocated.jpg
1934-Durong.jpg	1935-Annerely-Fairfield-relocated.jpg	1936-Cairns.jpg
1935-Annerely-Fairfield-relocated.jpg	1936-Cairns.jpg	1936-Margate.jpg
1936-Cairns.jpg	1936-Margate.jpg	1936-Nanango.jpg
1936-Margate.jpg	1936-Nanango.jpg	1936-NormanPark.jpg
1936-Nanango.jpg	1936-NormanPark.jpg	1936-North-Rockhampton-High-St.jpg
1936-NormanPark.jpg	1936-North-Rockhampton-High-St.jpg	1937-Gatton.jpg
1936-North-Rockhampton-High-St.jpg	1937-Gatton.jpg	1937-Kenilworth.jpg
1937-Gatton.jpg	1937-Kenilworth.jpg	1938-Ipswich-1877-reno.jpg
1937-Kenilworth.jpg	1938-Ipswich-1877-reno.jpg	1940-Fairfield.jpg
1938-Ipswich-1877-reno.jpg	1940-Fairfield.jpg	1940-Maroochydore.jpg
1940-Fairfield.jpg	1940-Maroochydore.jpg	1941-Ashgrove.jpg
1940-Maroochydore.jpg	1941-Ashgrove.jpg	1941-Russian-Baptist-Church-Crown-St.jpg
1941-Ashgrove.jpg	1941-Russian-Baptist-Church-Crown-St.jpg	1942-Rockville1.jpg
1941-Russian-Baptist-Church-Crown-St.jpg	1942-Rockville1.jpg	1942-Taringa-renovated.jpg
1942-Rockville1.jpg	1942-Taringa-renovated.jpg	1943-Mt-Berryman-Sunday-School.jpg
1942-Taringa-renovated.jpg	1943-Mt-Berryman-Sunday-School.jpg	1943-Payne-St-Bundaberg.jpg
1943-Mt-Berryman-Sunday-School.jpg	1943-Payne-St-Bundaberg.jpg	1945-Pie-Creek-Gympie.jpg
1943-Payne-St-Bundaberg.jpg	1945-Pie-Creek-Gympie.jpg	1947-Margate.jpg
1945-Pie-Creek-Gympie.jpg	1947-Margate.jpg	1947-Roadvale-Kalbar.jpg
1947-Margate.jpg	1947-Roadvale-Kalbar.jpg	1948-Goomeri.jpg
1947-Roadvale-Kalbar.jpg	1948-Goomeri.jpg	1949-Brighton.jpg
1948-Goomeri.jpg	1949-Brighton.jpg	1949-Rockville-hall.jpg
1949-Brighton.jpg	1949-Rockville-hall.jpg	1949-Tarragindi-hall.jpg
1949-Rockville-hall.jpg	1949-Tarragindi-hall.jpg	1950-Allora.jpg
1949-Tarragindi-hall.jpg	1950-Allora.jpg	1950-Beaudesert.jpg
1950-Allora.jpg	1950-Beaudesert.jpg	1951-Bundaberg-South-BoundarySt.jpg
1950-Beaudesert.jpg	1951-Bundaberg-South-BoundarySt.jpg	1951-Cooroy-shop.jpg
1951-Bundaberg-South-BoundarySt.jpg	1951-Cooroy-shop.jpg	1951-Tent-Hill.jpg
1951-Cooroy-shop.jpg	1951-Tent-Hill.jpg	1951-Toowoomba-South.jpg
1951-Tent-Hill.jpg	1951-Toowoomba-South.jpg	1952-Currajong-Townsville.jpg
1951-Toowoomba-South.jpg	1952-Currajong-Townsville.jpg	1952-Holland-Park.jpg
1952-Currajong-Townsville.jpg	1952-Holland-Park.jpg	1952-Kedron-GordonPark.jpg
1952-Holland-Park.jpg	1952-Kedron-GordonPark.jpg	1952-Kingaroy-MarkwellSt.jpg
1952-Kedron-GordonPark.jpg	1952-Kingaroy-MarkwellSt.jpg	1952-Laidley-hall.jpg
1952-Kingaroy-MarkwellSt.jpg	1952-Laidley-hall.jpg	1952-Nambour.jpg
1952-Laidley-hall.jpg	1952-Nambour.jpg	1952-North-Rockhampton-hall-extn.jpg
1952-Nambour.jpg	1952-North-Rockhampton-hall-extn.jpg	1952-RockhamptonWest.jpg
1952-North-Rockhampton-hall-extn.jpg	1952-RockhamptonWest.jpg	1952-Russian-Baptist-Church-Crown-St.jpg
1952-RockhamptonWest.jpg	1952-Russian-Baptist-Church-Crown-St.jpg	1952-Scarborough.jpg
1952-Russian-Baptist-Church-Crown-St.jpg	1952-Scarborough.jpg	1952-Southport-NerangSt.jpg
1952-Scarborough.jpg	1952-Southport-NerangSt.jpg	1952-Tin-Can-Bay.jpg
1952-Southport-NerangSt.jpg	1952-Tin-Can-Bay.jpg	1953-Gayndah.jpg
1952-Tin-Can-Bay.jpg	1953-Gayndah.jpg	1953-Redland-Bay-renov.jpg
1953-Gayndah.jpg	1953-Redland-Bay-renov.jpg	1953-Tarragindi.jpg
1953-Redland-Bay-renov.jpg	1953-Tarragindi.jpg	1954-Belmont.jpg
1953-Tarragindi.jpg	1954-Belmont.jpg	1954-Dalby.jpg
1954-Belmont.jpg	1954-Dalby.jpg	1954-Laidley.jpg
1954-Dalby.jpg	1954-Laidley.jpg	1954-Manly-Lota-Wynnum.jpg
1954-Laidley.jpg	1954-Manly-Lota-Wynnum.jpg	1955-Biloela.jpg
1954-Manly-Lota-Wynnum.jpg	1955-Biloela.jpg	1955-Bundaberg.jpg
1955-Biloela.jpg	1955-Bundaberg.jpg	1955-Gatton.jpg
1955-Bundaberg.jpg	1955-Gatton.jpg	1955-Murrumba.jpg
1955-Gatton.jpg	1955-Murrumba.jpg	1955-Toowoomba-Central.jpg
1955-Murrumba.jpg	1955-Toowoomba-Central.jpg	1955-Wavell-Heights.jpg
1955-Toowoomba-Central.jpg	1955-Wavell-Heights.jpg	1955-Yandina.jpg
1955-Wavell-Heights.jpg	1955-Yandina.jpg		